<?xml version="1.0" encoding="UTF-8"?>
<project-private xmlns="http://www.netbeans.org/ns/project-private/1">
    <editor-bookmarks xmlns="http://www.netbeans.org/ns/editor-bookmarks/2" lastBookmarkId="0"/>
    <open-files xmlns="http://www.netbeans.org/ns/projectui-open-files/2">
        <group>
            <file>file:/D:/Java/FarmProject/src/GUI_TUGAS/FrameLokasi.java</file>
            <file>file:/D:/Java/FarmProject/src/GUI_TUGAS/FramePenyuluh.java</file>
            <file>file:/D:/Java/FarmProject/src/CRUD_TUGAS/koneksiFarm.java</file>
            <file>file:/D:/Java/FarmProject/src/GUI_TUGAS/FramePetani.java</file>
            <file>file:/D:/Java/FarmProject/src/GUI_TUGAS/FrameKomoditas.java</file>
            <file>file:/D:/Java/FarmProject/src/GUI_TUGAS/Mainframe.java</file>
        </group>
    </open-files>
</project-private>
